id,name,description,category,brand,price,stock,rating,reviews,image_url,created_at
1,Luxury Necklace,Elegant necklace designed for style and fashion.,Necklaces,Nike,31.51,175,3.8,377,https://images.unsplash.com/photo-1611085583191-a3b181a88401,2026-03-01 00:01:00
2,Graphic T-Shirt,Comfortable cotton t-shirt for everyday wear.,Tshirts,H&M,91.15,46,4.2,52,https://images.unsplash.com/photo-1521572163474-6864f9cf17ab,2026-03-01 00:02:00
3,Comfort Walking Shoes,Lightweight and comfortable shoes for daily use.,Shoes,Nike,62.84,199,4.7,314,https://images.unsplash.com/photo-1525966222134-fcfa99b8ae77,2026-03-01 00:03:00
4,Classic Blue Jeans,Stylish and durable pants designed for comfort.,Pants,Adidas,70.64,135,4.0,337,https://images.unsplash.com/photo-1514996937319-344454492b37,2026-03-01 00:04:00
5,Cotton Crew T-Shirt,Comfortable cotton t-shirt for everyday wear.,Tshirts,Puma,108.5,136,3.8,343,https://images.unsplash.com/photo-1521572163474-6864f9cf17ab,2026-03-01 00:05:00
6,Classic White Tee,Comfortable cotton t-shirt for everyday wear.,Tshirts,Nike,66.73,179,4.7,65,https://images.unsplash.com/photo-1523381210434-271e8be1f52b,2026-03-01 00:06:00
7,Comfort Walking Shoes,Lightweight and comfortable shoes for daily use.,Shoes,Puma,59.21,123,3.8,145,https://images.unsplash.com/photo-1542291026-7eec264c27ff,2026-03-01 00:07:00
8,Pullover Hoodie,Warm and stylish hoodie perfect for winter.,Hoodies,Puma,60.13,114,4.7,83,https://images.unsplash.com/photo-1578768079052-aa76e52ff62e,2026-03-01 00:08:00
9,Slim Fit T-Shirt,Comfortable cotton t-shirt for everyday wear.,Tshirts,Puma,55.79,62,4.9,169,https://images.unsplash.com/photo-1521572163474-6864f9cf17ab,2026-03-01 00:09:00
10,Streetwear T-Shirt,Comfortable cotton t-shirt for everyday wear.,Tshirts,Nike,70.79,157,4.7,497,https://images.unsplash.com/photo-1521572163474-6864f9cf17ab,2026-03-01 00:10:00
11,Classic Office Shirt,Premium quality shirt suitable for office and casual wear.,Shirts,H&M,108.16,167,4.2,242,https://images.unsplash.com/photo-1593032465171-8f0e9b2a5d4d,2026-03-01 00:11:00
12,Casual Chinos,Stylish and durable pants designed for comfort.,Pants,Zara,118.8,75,4.8,288,https://images.unsplash.com/photo-1514996937319-344454492b37,2026-03-01 00:12:00
13,Slim Fit T-Shirt,Comfortable cotton t-shirt for everyday wear.,Tshirts,Adidas,55.23,186,3.9,226,https://images.unsplash.com/photo-1503341455253-b2e723bb3dbb,2026-03-01 00:13:00
14,Streetwear T-Shirt,Comfortable cotton t-shirt for everyday wear.,Tshirts,Nike,82.94,152,4.3,430,https://images.unsplash.com/photo-1521572163474-6864f9cf17ab,2026-03-01 00:14:00
15,Sport Sneakers,Lightweight and comfortable shoes for daily use.,Shoes,Nike,90.57,182,4.9,377,https://images.unsplash.com/photo-1542291026-7eec264c27ff,2026-03-01 00:15:00
16,Classic Office Shirt,Premium quality shirt suitable for office and casual wear.,Shirts,Adidas,37.29,25,4.9,412,https://images.unsplash.com/photo-1593032465171-8f0e9b2a5d4d,2026-03-01 00:16:00
17,Graphic T-Shirt,Comfortable cotton t-shirt for everyday wear.,Tshirts,Levis,20.17,171,4.2,117,https://images.unsplash.com/photo-1523381210434-271e8be1f52b,2026-03-01 00:17:00
18,Slim Fit Shirt,Premium quality shirt suitable for office and casual wear.,Shirts,Zara,66.53,186,4.4,292,https://images.unsplash.com/photo-1593032465171-8f0e9b2a5d4d,2026-03-01 00:18:00
19,Slim Fit T-Shirt,Comfortable cotton t-shirt for everyday wear.,Tshirts,Zara,66.72,132,4.6,395,https://images.unsplash.com/photo-1523381210434-271e8be1f52b,2026-03-01 00:19:00
20,Classic Blue Jeans,Stylish and durable pants designed for comfort.,Pants,Puma,53.36,30,4.0,198,https://images.unsplash.com/photo-1584370848010-d7fe6bc767ec,2026-03-01 00:20:00
21,Slim Fit Jeans,Stylish and durable pants designed for comfort.,Pants,Adidas,22.21,42,4.9,116,https://images.unsplash.com/photo-1514996937319-344454492b37,2026-03-01 00:21:00
22,Graphic T-Shirt,Comfortable cotton t-shirt for everyday wear.,Tshirts,Nike,94.58,112,4.8,66,https://images.unsplash.com/photo-1523381210434-271e8be1f52b,2026-03-01 00:22:00
23,Formal Shirt,Premium quality shirt suitable for office and casual wear.,Shirts,Puma,86.56,134,3.7,424,https://images.unsplash.com/photo-1562157873-818bc0726f68,2026-03-01 00:23:00
24,Classic White Tee,Comfortable cotton t-shirt for everyday wear.,Tshirts,Levis,30.12,33,5.0,105,https://images.unsplash.com/photo-1521572163474-6864f9cf17ab,2026-03-01 00:24:00
25,Running Shoes,Lightweight and comfortable shoes for daily use.,Shoes,Levis,104.27,143,4.2,196,https://images.unsplash.com/photo-1542291026-7eec264c27ff,2026-03-01 00:25:00
26,Silver Necklace,Elegant necklace designed for style and fashion.,Necklaces,Adidas,39.58,132,4.4,56,https://images.unsplash.com/photo-1608043152269-423dbba4e7e1,2026-03-01 00:26:00
27,Training Shoes,Lightweight and comfortable shoes for daily use.,Shoes,Zara,116.02,135,3.9,296,https://images.unsplash.com/photo-1542291026-7eec264c27ff,2026-03-01 00:27:00
28,Pullover Hoodie,Warm and stylish hoodie perfect for winter.,Hoodies,Nike,105.54,152,4.2,111,https://images.unsplash.com/photo-1556821840-3a63f95609a7,2026-03-01 00:28:00
29,Classic Blue Jeans,Stylish and durable pants designed for comfort.,Pants,Nike,115.28,121,4.3,466,https://images.unsplash.com/photo-1514996937319-344454492b37,2026-03-01 00:29:00
30,Stretch Denim Pants,Stylish and durable pants designed for comfort.,Pants,Zara,39.68,88,4.8,121,https://images.unsplash.com/photo-1584370848010-d7fe6bc767ec,2026-03-01 00:30:00
31,Cotton Crew T-Shirt,Comfortable cotton t-shirt for everyday wear.,Tshirts,Levis,99.91,11,4.8,121,https://images.unsplash.com/photo-1521572163474-6864f9cf17ab,2026-03-01 00:31:00
32,Formal Shirt,Premium quality shirt suitable for office and casual wear.,Shirts,Zara,87.01,62,4.3,255,https://images.unsplash.com/photo-1593032465171-8f0e9b2a5d4d,2026-03-01 00:32:00
33,Classic Blue Jeans,Stylish and durable pants designed for comfort.,Pants,Levis,74.98,184,3.7,120,https://images.unsplash.com/photo-1584370848010-d7fe6bc767ec,2026-03-01 00:33:00
34,Casual Cotton Shirt,Premium quality shirt suitable for office and casual wear.,Shirts,Levis,23.82,69,3.5,85,https://images.unsplash.com/photo-1562157873-818bc0726f68,2026-03-01 00:34:00
35,Classic Blue Jeans,Stylish and durable pants designed for comfort.,Pants,Puma,108.66,56,3.9,323,https://images.unsplash.com/photo-1542272604-787c3835535d,2026-03-01 00:35:00
36,Casual Sneakers,Lightweight and comfortable shoes for daily use.,Shoes,Zara,114.14,135,4.1,357,https://images.unsplash.com/photo-1519741497674-611481863552,2026-03-01 00:36:00
37,Casual Chinos,Stylish and durable pants designed for comfort.,Pants,H&M,94.22,109,4.6,394,https://images.unsplash.com/photo-1584370848010-d7fe6bc767ec,2026-03-01 00:37:00
38,Training Shoes,Lightweight and comfortable shoes for daily use.,Shoes,H&M,117.4,179,4.8,407,https://images.unsplash.com/photo-1519741497674-611481863552,2026-03-01 00:38:00
39,Classic Office Shirt,Premium quality shirt suitable for office and casual wear.,Shirts,Adidas,80.68,49,3.6,475,https://images.unsplash.com/photo-1593032465171-8f0e9b2a5d4d,2026-03-01 00:39:00
40,Cotton Crew T-Shirt,Comfortable cotton t-shirt for everyday wear.,Tshirts,Nike,59.5,127,4.5,322,https://images.unsplash.com/photo-1523381210434-271e8be1f52b,2026-03-01 00:40:00
41,Casual Cotton Shirt,Premium quality shirt suitable for office and casual wear.,Shirts,Puma,26.13,71,4.3,212,https://images.unsplash.com/photo-1602810318383-e386cc2a3ccf,2026-03-01 00:41:00
42,Pullover Hoodie,Warm and stylish hoodie perfect for winter.,Hoodies,H&M,78.48,190,4.8,176,https://images.unsplash.com/photo-1556821840-3a63f95609a7,2026-03-01 00:42:00
43,Slim Fit Jeans,Stylish and durable pants designed for comfort.,Pants,Adidas,79.96,65,4.8,471,https://images.unsplash.com/photo-1514996937319-344454492b37,2026-03-01 00:43:00
44,Street Style Hoodie,Warm and stylish hoodie perfect for winter.,Hoodies,Puma,36.87,140,4.4,461,https://images.unsplash.com/photo-1578768079052-aa76e52ff62e,2026-03-01 00:44:00
45,Comfort Walking Shoes,Lightweight and comfortable shoes for daily use.,Shoes,Levis,57.08,84,3.6,153,https://images.unsplash.com/photo-1542291026-7eec264c27ff,2026-03-01 00:45:00
46,Running Shoes,Lightweight and comfortable shoes for daily use.,Shoes,Nike,90.99,42,3.5,283,https://images.unsplash.com/photo-1542291026-7eec264c27ff,2026-03-01 00:46:00
47,Pullover Hoodie,Warm and stylish hoodie perfect for winter.,Hoodies,Nike,79.22,123,3.6,370,https://images.unsplash.com/photo-1556821840-3a63f95609a7,2026-03-01 00:47:00
48,Sport Sneakers,Lightweight and comfortable shoes for daily use.,Shoes,Nike,42.99,57,4.2,331,https://images.unsplash.com/photo-1525966222134-fcfa99b8ae77,2026-03-01 00:48:00
49,Slim Fit Jeans,Stylish and durable pants designed for comfort.,Pants,Puma,83.29,101,5.0,234,https://images.unsplash.com/photo-1542272604-787c3835535d,2026-03-01 00:49:00
50,Denim Jeans,Stylish and durable pants designed for comfort.,Pants,Puma,114.42,44,4.0,211,https://images.unsplash.com/photo-1514996937319-344454492b37,2026-03-01 00:50:00
51,Elegant Chain,Elegant necklace designed for style and fashion.,Necklaces,H&M,56.77,132,5.0,267,https://images.unsplash.com/photo-1608043152269-423dbba4e7e1,2026-03-01 00:51:00
52,Formal Shirt,Premium quality shirt suitable for office and casual wear.,Shirts,Puma,40.19,98,4.7,332,https://images.unsplash.com/photo-1602810318383-e386cc2a3ccf,2026-03-01 00:52:00
53,Pullover Hoodie,Warm and stylish hoodie perfect for winter.,Hoodies,Puma,91.01,97,5.0,217,https://images.unsplash.com/photo-1556821840-3a63f95609a7,2026-03-01 00:53:00
54,Formal Shirt,Premium quality shirt suitable for office and casual wear.,Shirts,Puma,26.47,19,3.8,348,https://images.unsplash.com/photo-1562157873-818bc0726f68,2026-03-01 00:54:00
55,Slim Fit Shirt,Premium quality shirt suitable for office and casual wear.,Shirts,Adidas,117.44,66,4.8,363,https://images.unsplash.com/photo-1593032465171-8f0e9b2a5d4d,2026-03-01 00:55:00
56,Formal Shirt,Premium quality shirt suitable for office and casual wear.,Shirts,Zara,47.35,21,3.7,266,https://images.unsplash.com/photo-1602810318383-e386cc2a3ccf,2026-03-01 00:56:00
57,Street Style Hoodie,Warm and stylish hoodie perfect for winter.,Hoodies,Nike,113.72,99,3.8,282,https://images.unsplash.com/photo-1578768079052-aa76e52ff62e,2026-03-01 00:57:00
58,Slim Fit Jeans,Stylish and durable pants designed for comfort.,Pants,H&M,99.74,90,4.8,489,https://images.unsplash.com/photo-1542272604-787c3835535d,2026-03-01 00:58:00
59,Slim Fit T-Shirt,Comfortable cotton t-shirt for everyday wear.,Tshirts,Nike,84.32,85,3.7,14,https://images.unsplash.com/photo-1521572163474-6864f9cf17ab,2026-03-01 00:59:00
60,Linen Summer Shirt,Premium quality shirt suitable for office and casual wear.,Shirts,Levis,101.52,88,4.9,287,https://images.unsplash.com/photo-1562157873-818bc0726f68,2026-03-01 01:00:00
61,Casual Chinos,Stylish and durable pants designed for comfort.,Pants,Levis,104.23,104,4.0,172,https://images.unsplash.com/photo-1584370848010-d7fe6bc767ec,2026-03-01 01:01:00
62,Formal Shirt,Premium quality shirt suitable for office and casual wear.,Shirts,Adidas,79.77,107,4.8,449,https://images.unsplash.com/photo-1593032465171-8f0e9b2a5d4d,2026-03-01 01:02:00
63,Streetwear T-Shirt,Comfortable cotton t-shirt for everyday wear.,Tshirts,Zara,33.09,127,4.0,293,https://images.unsplash.com/photo-1521572163474-6864f9cf17ab,2026-03-01 01:03:00
64,Zip Hoodie,Warm and stylish hoodie perfect for winter.,Hoodies,Levis,69.56,177,3.5,372,https://images.unsplash.com/photo-1556821840-3a63f95609a7,2026-03-01 01:04:00
65,Casual Chinos,Stylish and durable pants designed for comfort.,Pants,Nike,71.29,90,4.8,388,https://images.unsplash.com/photo-1584370848010-d7fe6bc767ec,2026-03-01 01:05:00
66,Stretch Denim Pants,Stylish and durable pants designed for comfort.,Pants,Levis,46.04,119,3.8,491,https://images.unsplash.com/photo-1542272604-787c3835535d,2026-03-01 01:06:00
67,Minimal Pendant Necklace,Elegant necklace designed for style and fashion.,Necklaces,H&M,83.34,189,4.4,452,https://images.unsplash.com/photo-1611085583191-a3b181a88401,2026-03-01 01:07:00
68,Casual Chinos,Stylish and durable pants designed for comfort.,Pants,Puma,31.47,59,4.3,381,https://images.unsplash.com/photo-1542272604-787c3835535d,2026-03-01 01:08:00
69,Slim Fit T-Shirt,Comfortable cotton t-shirt for everyday wear.,Tshirts,Levis,116.44,37,4.7,301,https://images.unsplash.com/photo-1523381210434-271e8be1f52b,2026-03-01 01:09:00
70,Slim Fit T-Shirt,Comfortable cotton t-shirt for everyday wear.,Tshirts,Adidas,99.75,139,4.4,447,https://images.unsplash.com/photo-1523381210434-271e8be1f52b,2026-03-01 01:10:00
71,Silver Necklace,Elegant necklace designed for style and fashion.,Necklaces,Adidas,72.62,172,3.6,278,https://images.unsplash.com/photo-1608043152269-423dbba4e7e1,2026-03-01 01:11:00
72,Slim Fit Shirt,Premium quality shirt suitable for office and casual wear.,Shirts,Adidas,85.78,148,3.6,492,https://images.unsplash.com/photo-1562157873-818bc0726f68,2026-03-01 01:12:00
73,Denim Jeans,Stylish and durable pants designed for comfort.,Pants,Puma,40.06,169,4.6,121,https://images.unsplash.com/photo-1514996937319-344454492b37,2026-03-01 01:13:00
74,Running Shoes,Lightweight and comfortable shoes for daily use.,Shoes,Nike,101.06,158,4.7,191,https://images.unsplash.com/photo-1519741497674-611481863552,2026-03-01 01:14:00
75,Denim Jeans,Stylish and durable pants designed for comfort.,Pants,Nike,60.21,82,3.8,22,https://images.unsplash.com/photo-1514996937319-344454492b37,2026-03-01 01:15:00
76,Cotton Crew T-Shirt,Comfortable cotton t-shirt for everyday wear.,Tshirts,Levis,91.3,96,3.9,428,https://images.unsplash.com/photo-1523381210434-271e8be1f52b,2026-03-01 01:16:00
77,Street Style Hoodie,Warm and stylish hoodie perfect for winter.,Hoodies,Adidas,50.51,16,4.1,452,https://images.unsplash.com/photo-1556821840-3a63f95609a7,2026-03-01 01:17:00
78,Slim Fit Jeans,Stylish and durable pants designed for comfort.,Pants,Zara,91.3,157,4.7,193,https://images.unsplash.com/photo-1584370848010-d7fe6bc767ec,2026-03-01 01:18:00
79,Classic White Tee,Comfortable cotton t-shirt for everyday wear.,Tshirts,Levis,63.06,162,4.0,66,https://images.unsplash.com/photo-1523381210434-271e8be1f52b,2026-03-01 01:19:00
80,Cotton Blend Hoodie,Warm and stylish hoodie perfect for winter.,Hoodies,Zara,43.34,81,4.1,409,https://images.unsplash.com/photo-1556821840-3a63f95609a7,2026-03-01 01:20:00
81,Minimal Pendant Necklace,Elegant necklace designed for style and fashion.,Necklaces,Adidas,56.15,123,4.0,357,https://images.unsplash.com/photo-1608043152269-423dbba4e7e1,2026-03-01 01:21:00
82,Minimal Pendant Necklace,Elegant necklace designed for style and fashion.,Necklaces,Nike,44.08,134,4.3,247,https://images.unsplash.com/photo-1611085583191-a3b181a88401,2026-03-01 01:22:00
83,Slim Fit T-Shirt,Comfortable cotton t-shirt for everyday wear.,Tshirts,Adidas,49.69,187,4.3,75,https://images.unsplash.com/photo-1523381210434-271e8be1f52b,2026-03-01 01:23:00
84,Stretch Denim Pants,Stylish and durable pants designed for comfort.,Pants,H&M,111.4,41,3.7,72,https://images.unsplash.com/photo-1514996937319-344454492b37,2026-03-01 01:24:00
85,Denim Jeans,Stylish and durable pants designed for comfort.,Pants,Adidas,77.94,14,4.5,417,https://images.unsplash.com/photo-1514996937319-344454492b37,2026-03-01 01:25:00
86,Denim Jeans,Stylish and durable pants designed for comfort.,Pants,Puma,108.97,182,4.6,13,https://images.unsplash.com/photo-1542272604-787c3835535d,2026-03-01 01:26:00
87,Comfort Walking Shoes,Lightweight and comfortable shoes for daily use.,Shoes,Nike,45.66,115,3.7,13,https://images.unsplash.com/photo-1525966222134-fcfa99b8ae77,2026-03-01 01:27:00
88,Denim Jeans,Stylish and durable pants designed for comfort.,Pants,Nike,56.21,38,4.0,102,https://images.unsplash.com/photo-1584370848010-d7fe6bc767ec,2026-03-01 01:28:00
89,Casual Cotton Shirt,Premium quality shirt suitable for office and casual wear.,Shirts,Levis,61.08,137,3.8,68,https://images.unsplash.com/photo-1602810318383-e386cc2a3ccf,2026-03-01 01:29:00
90,Casual Chinos,Stylish and durable pants designed for comfort.,Pants,Adidas,77.39,130,4.6,471,https://images.unsplash.com/photo-1514996937319-344454492b37,2026-03-01 01:30:00
91,Luxury Necklace,Elegant necklace designed for style and fashion.,Necklaces,Nike,34.76,95,4.3,198,https://images.unsplash.com/photo-1608043152269-423dbba4e7e1,2026-03-01 01:31:00
92,Slim Fit Jeans,Stylish and durable pants designed for comfort.,Pants,Nike,20.79,199,4.8,66,https://images.unsplash.com/photo-1584370848010-d7fe6bc767ec,2026-03-01 01:32:00
93,Cotton Crew T-Shirt,Comfortable cotton t-shirt for everyday wear.,Tshirts,Puma,84.65,86,3.7,43,https://images.unsplash.com/photo-1503341455253-b2e723bb3dbb,2026-03-01 01:33:00
94,Gold Chain Necklace,Elegant necklace designed for style and fashion.,Necklaces,Puma,35.92,171,4.1,161,https://images.unsplash.com/photo-1611085583191-a3b181a88401,2026-03-01 01:34:00
95,Slim Fit Shirt,Premium quality shirt suitable for office and casual wear.,Shirts,Puma,38.0,20,4.8,95,https://images.unsplash.com/photo-1593032465171-8f0e9b2a5d4d,2026-03-01 01:35:00
96,Slim Fit T-Shirt,Comfortable cotton t-shirt for everyday wear.,Tshirts,Zara,66.47,95,3.5,489,https://images.unsplash.com/photo-1521572163474-6864f9cf17ab,2026-03-01 01:36:00
97,Street Style Hoodie,Warm and stylish hoodie perfect for winter.,Hoodies,Adidas,79.7,100,4.9,452,https://images.unsplash.com/photo-1578768079052-aa76e52ff62e,2026-03-01 01:37:00
98,Pullover Hoodie,Warm and stylish hoodie perfect for winter.,Hoodies,Nike,22.31,22,4.6,102,https://images.unsplash.com/photo-1556821840-3a63f95609a7,2026-03-01 01:38:00
99,Slim Fit Jeans,Stylish and durable pants designed for comfort.,Pants,Puma,24.14,71,4.6,241,https://images.unsplash.com/photo-1514996937319-344454492b37,2026-03-01 01:39:00
100,Minimal Pendant Necklace,Elegant necklace designed for style and fashion.,Necklaces,Zara,67.25,194,3.6,44,https://images.unsplash.com/photo-1611085583191-a3b181a88401,2026-03-01 01:40:00
101,Streetwear T-Shirt,Comfortable cotton t-shirt for everyday wear.,Tshirts,Puma,91.73,124,4.0,399,https://images.unsplash.com/photo-1521572163474-6864f9cf17ab,2026-03-01 01:41:00
102,Classic White Tee,Comfortable cotton t-shirt for everyday wear.,Tshirts,H&M,97.81,153,4.0,327,https://images.unsplash.com/photo-1523381210434-271e8be1f52b,2026-03-01 01:42:00
103,Classic Office Shirt,Premium quality shirt suitable for office and casual wear.,Shirts,Levis,102.75,152,4.3,11,https://images.unsplash.com/photo-1593032465171-8f0e9b2a5d4d,2026-03-01 01:43:00
104,Running Shoes,Lightweight and comfortable shoes for daily use.,Shoes,Zara,32.45,114,4.2,238,https://images.unsplash.com/photo-1525966222134-fcfa99b8ae77,2026-03-01 01:44:00
105,Running Shoes,Lightweight and comfortable shoes for daily use.,Shoes,Adidas,118.51,34,4.5,437,https://images.unsplash.com/photo-1519741497674-611481863552,2026-03-01 01:45:00
106,Comfort Walking Shoes,Lightweight and comfortable shoes for daily use.,Shoes,Adidas,56.3,58,4.6,424,https://images.unsplash.com/photo-1525966222134-fcfa99b8ae77,2026-03-01 01:46:00
107,Linen Summer Shirt,Premium quality shirt suitable for office and casual wear.,Shirts,Zara,94.86,84,3.6,261,https://images.unsplash.com/photo-1562157873-818bc0726f68,2026-03-01 01:47:00
108,Elegant Chain,Elegant necklace designed for style and fashion.,Necklaces,H&M,32.22,36,3.9,73,https://images.unsplash.com/photo-1611085583191-a3b181a88401,2026-03-01 01:48:00
109,Luxury Necklace,Elegant necklace designed for style and fashion.,Necklaces,H&M,67.44,41,3.6,124,https://images.unsplash.com/photo-1611085583191-a3b181a88401,2026-03-01 01:49:00
110,Running Shoes,Lightweight and comfortable shoes for daily use.,Shoes,Zara,115.49,101,4.4,412,https://images.unsplash.com/photo-1519741497674-611481863552,2026-03-01 01:50:00
111,Linen Summer Shirt,Premium quality shirt suitable for office and casual wear.,Shirts,Nike,80.06,114,4.2,474,https://images.unsplash.com/photo-1562157873-818bc0726f68,2026-03-01 01:51:00
112,Winter Hoodie,Warm and stylish hoodie perfect for winter.,Hoodies,Adidas,68.67,154,4.5,289,https://images.unsplash.com/photo-1578768079052-aa76e52ff62e,2026-03-01 01:52:00
113,Slim Fit T-Shirt,Comfortable cotton t-shirt for everyday wear.,Tshirts,Adidas,85.94,30,4.6,488,https://images.unsplash.com/photo-1523381210434-271e8be1f52b,2026-03-01 01:53:00
114,Slim Fit Shirt,Premium quality shirt suitable for office and casual wear.,Shirts,Nike,55.54,161,5.0,51,https://images.unsplash.com/photo-1562157873-818bc0726f68,2026-03-01 01:54:00
115,Training Shoes,Lightweight and comfortable shoes for daily use.,Shoes,Levis,108.61,134,4.5,64,https://images.unsplash.com/photo-1519741497674-611481863552,2026-03-01 01:55:00
116,Pullover Hoodie,Warm and stylish hoodie perfect for winter.,Hoodies,Puma,118.92,57,4.6,319,https://images.unsplash.com/photo-1578768079052-aa76e52ff62e,2026-03-01 01:56:00
117,Slim Fit Shirt,Premium quality shirt suitable for office and casual wear.,Shirts,Puma,111.82,145,3.7,88,https://images.unsplash.com/photo-1562157873-818bc0726f68,2026-03-01 01:57:00
118,Cotton Blend Hoodie,Warm and stylish hoodie perfect for winter.,Hoodies,Puma,58.63,167,4.2,430,https://images.unsplash.com/photo-1556821840-3a63f95609a7,2026-03-01 01:58:00
119,Casual Sneakers,Lightweight and comfortable shoes for daily use.,Shoes,Levis,119.38,22,4.6,280,https://images.unsplash.com/photo-1525966222134-fcfa99b8ae77,2026-03-01 01:59:00
120,Silver Necklace,Elegant necklace designed for style and fashion.,Necklaces,Adidas,110.82,117,3.8,367,https://images.unsplash.com/photo-1611085583191-a3b181a88401,2026-03-01 02:00:00
121,Slim Fit Jeans,Stylish and durable pants designed for comfort.,Pants,Nike,83.32,30,3.6,176,https://images.unsplash.com/photo-1584370848010-d7fe6bc767ec,2026-03-01 02:01:00
122,Comfort Walking Shoes,Lightweight and comfortable shoes for daily use.,Shoes,Adidas,28.26,58,3.7,174,https://images.unsplash.com/photo-1525966222134-fcfa99b8ae77,2026-03-01 02:02:00
123,Casual Chinos,Stylish and durable pants designed for comfort.,Pants,Adidas,90.19,180,3.9,43,https://images.unsplash.com/photo-1514996937319-344454492b37,2026-03-01 02:03:00
124,Casual Chinos,Stylish and durable pants designed for comfort.,Pants,Nike,80.91,194,4.1,94,https://images.unsplash.com/photo-1584370848010-d7fe6bc767ec,2026-03-01 02:04:00
125,Slim Fit T-Shirt,Comfortable cotton t-shirt for everyday wear.,Tshirts,Nike,115.44,90,4.6,388,https://images.unsplash.com/photo-1503341455253-b2e723bb3dbb,2026-03-01 02:05:00
126,Training Shoes,Lightweight and comfortable shoes for daily use.,Shoes,Zara,34.6,81,4.3,415,https://images.unsplash.com/photo-1542291026-7eec264c27ff,2026-03-01 02:06:00
127,Slim Fit Shirt,Premium quality shirt suitable for office and casual wear.,Shirts,Zara,39.02,117,4.4,424,https://images.unsplash.com/photo-1602810318383-e386cc2a3ccf,2026-03-01 02:07:00
128,Casual Chinos,Stylish and durable pants designed for comfort.,Pants,H&M,119.33,143,3.6,466,https://images.unsplash.com/photo-1542272604-787c3835535d,2026-03-01 02:08:00
129,Slim Fit Jeans,Stylish and durable pants designed for comfort.,Pants,Zara,73.55,137,5.0,369,https://images.unsplash.com/photo-1514996937319-344454492b37,2026-03-01 02:09:00
130,Winter Hoodie,Warm and stylish hoodie perfect for winter.,Hoodies,H&M,93.13,162,4.0,142,https://images.unsplash.com/photo-1578768079052-aa76e52ff62e,2026-03-01 02:10:00
131,Running Shoes,Lightweight and comfortable shoes for daily use.,Shoes,Adidas,48.84,117,4.5,31,https://images.unsplash.com/photo-1542291026-7eec264c27ff,2026-03-01 02:11:00
132,Sport Sneakers,Lightweight and comfortable shoes for daily use.,Shoes,Nike,108.94,41,4.2,314,https://images.unsplash.com/photo-1525966222134-fcfa99b8ae77,2026-03-01 02:12:00
133,Comfort Walking Shoes,Lightweight and comfortable shoes for daily use.,Shoes,Puma,52.23,185,4.7,196,https://images.unsplash.com/photo-1525966222134-fcfa99b8ae77,2026-03-01 02:13:00
134,Comfort Walking Shoes,Lightweight and comfortable shoes for daily use.,Shoes,Zara,84.14,69,4.8,181,https://images.unsplash.com/photo-1519741497674-611481863552,2026-03-01 02:14:00
135,Luxury Necklace,Elegant necklace designed for style and fashion.,Necklaces,Nike,105.0,122,4.7,361,https://images.unsplash.com/photo-1611085583191-a3b181a88401,2026-03-01 02:15:00
136,Sport Sneakers,Lightweight and comfortable shoes for daily use.,Shoes,Adidas,37.4,140,4.2,462,https://images.unsplash.com/photo-1542291026-7eec264c27ff,2026-03-01 02:16:00
137,Graphic T-Shirt,Comfortable cotton t-shirt for everyday wear.,Tshirts,Zara,38.67,166,4.8,166,https://images.unsplash.com/photo-1521572163474-6864f9cf17ab,2026-03-01 02:17:00
138,Streetwear T-Shirt,Comfortable cotton t-shirt for everyday wear.,Tshirts,H&M,116.13,199,4.8,436,https://images.unsplash.com/photo-1523381210434-271e8be1f52b,2026-03-01 02:18:00
139,Silver Necklace,Elegant necklace designed for style and fashion.,Necklaces,Levis,55.27,194,3.6,293,https://images.unsplash.com/photo-1611085583191-a3b181a88401,2026-03-01 02:19:00
140,Casual Cotton Shirt,Premium quality shirt suitable for office and casual wear.,Shirts,Levis,100.25,28,4.1,425,https://images.unsplash.com/photo-1562157873-818bc0726f68,2026-03-01 02:20:00
141,Elegant Chain,Elegant necklace designed for style and fashion.,Necklaces,Levis,37.63,112,4.6,217,https://images.unsplash.com/photo-1611085583191-a3b181a88401,2026-03-01 02:21:00
142,Running Shoes,Lightweight and comfortable shoes for daily use.,Shoes,Zara,42.8,137,3.7,393,https://images.unsplash.com/photo-1525966222134-fcfa99b8ae77,2026-03-01 02:22:00
143,Formal Shirt,Premium quality shirt suitable for office and casual wear.,Shirts,Zara,62.43,38,5.0,348,https://images.unsplash.com/photo-1562157873-818bc0726f68,2026-03-01 02:23:00
144,Comfort Walking Shoes,Lightweight and comfortable shoes for daily use.,Shoes,Puma,102.69,103,4.4,118,https://images.unsplash.com/photo-1525966222134-fcfa99b8ae77,2026-03-01 02:24:00
145,Cotton Crew T-Shirt,Comfortable cotton t-shirt for everyday wear.,Tshirts,Adidas,105.78,97,4.7,313,https://images.unsplash.com/photo-1521572163474-6864f9cf17ab,2026-03-01 02:25:00
146,Training Shoes,Lightweight and comfortable shoes for daily use.,Shoes,Levis,54.64,169,3.9,72,https://images.unsplash.com/photo-1519741497674-611481863552,2026-03-01 02:26:00
147,Running Shoes,Lightweight and comfortable shoes for daily use.,Shoes,Levis,31.22,55,4.5,60,https://images.unsplash.com/photo-1525966222134-fcfa99b8ae77,2026-03-01 02:27:00
148,Streetwear T-Shirt,Comfortable cotton t-shirt for everyday wear.,Tshirts,Puma,41.99,83,4.0,429,https://images.unsplash.com/photo-1503341455253-b2e723bb3dbb,2026-03-01 02:28:00
149,Luxury Necklace,Elegant necklace designed for style and fashion.,Necklaces,Puma,62.63,97,3.5,369,https://images.unsplash.com/photo-1611085583191-a3b181a88401,2026-03-01 02:29:00
150,Pullover Hoodie,Warm and stylish hoodie perfect for winter.,Hoodies,H&M,104.52,194,4.5,359,https://images.unsplash.com/photo-1578768079052-aa76e52ff62e,2026-03-01 02:30:00
151,Casual Cotton Shirt,Premium quality shirt suitable for office and casual wear.,Shirts,Nike,61.95,137,4.3,269,https://images.unsplash.com/photo-1593032465171-8f0e9b2a5d4d,2026-03-01 02:31:00
152,Slim Fit Jeans,Stylish and durable pants designed for comfort.,Pants,Puma,63.47,186,5.0,50,https://images.unsplash.com/photo-1584370848010-d7fe6bc767ec,2026-03-01 02:32:00
153,Classic Office Shirt,Premium quality shirt suitable for office and casual wear.,Shirts,Adidas,96.03,200,4.5,158,https://images.unsplash.com/photo-1602810318383-e386cc2a3ccf,2026-03-01 02:33:00
154,Gold Chain Necklace,Elegant necklace designed for style and fashion.,Necklaces,Nike,58.99,40,4.4,164,https://images.unsplash.com/photo-1608043152269-423dbba4e7e1,2026-03-01 02:34:00
155,Elegant Chain,Elegant necklace designed for style and fashion.,Necklaces,H&M,51.95,129,4.2,392,https://images.unsplash.com/photo-1611085583191-a3b181a88401,2026-03-01 02:35:00
156,Formal Shirt,Premium quality shirt suitable for office and casual wear.,Shirts,Puma,102.24,73,4.1,303,https://images.unsplash.com/photo-1602810318383-e386cc2a3ccf,2026-03-01 02:36:00
157,Slim Fit Shirt,Premium quality shirt suitable for office and casual wear.,Shirts,Zara,97.16,146,4.5,414,https://images.unsplash.com/photo-1602810318383-e386cc2a3ccf,2026-03-01 02:37:00
158,Cotton Crew T-Shirt,Comfortable cotton t-shirt for everyday wear.,Tshirts,Adidas,94.26,172,4.1,145,https://images.unsplash.com/photo-1521572163474-6864f9cf17ab,2026-03-01 02:38:00
159,Casual Sneakers,Lightweight and comfortable shoes for daily use.,Shoes,Adidas,102.15,110,3.6,13,https://images.unsplash.com/photo-1542291026-7eec264c27ff,2026-03-01 02:39:00
160,Gold Chain Necklace,Elegant necklace designed for style and fashion.,Necklaces,Nike,34.63,147,3.8,211,https://images.unsplash.com/photo-1608043152269-423dbba4e7e1,2026-03-01 02:40:00
161,Training Shoes,Lightweight and comfortable shoes for daily use.,Shoes,Adidas,73.99,120,4.4,24,https://images.unsplash.com/photo-1525966222134-fcfa99b8ae77,2026-03-01 02:41:00
162,Gold Chain Necklace,Elegant necklace designed for style and fashion.,Necklaces,Zara,52.33,179,4.0,69,https://images.unsplash.com/photo-1608043152269-423dbba4e7e1,2026-03-01 02:42:00
163,Cotton Blend Hoodie,Warm and stylish hoodie perfect for winter.,Hoodies,Nike,86.04,17,4.7,272,https://images.unsplash.com/photo-1556821840-3a63f95609a7,2026-03-01 02:43:00
164,Slim Fit T-Shirt,Comfortable cotton t-shirt for everyday wear.,Tshirts,Nike,33.51,84,3.9,144,https://images.unsplash.com/photo-1503341455253-b2e723bb3dbb,2026-03-01 02:44:00
165,Luxury Necklace,Elegant necklace designed for style and fashion.,Necklaces,Adidas,109.9,48,4.7,309,https://images.unsplash.com/photo-1608043152269-423dbba4e7e1,2026-03-01 02:45:00
166,Zip Hoodie,Warm and stylish hoodie perfect for winter.,Hoodies,Zara,116.47,61,3.6,443,https://images.unsplash.com/photo-1578768079052-aa76e52ff62e,2026-03-01 02:46:00
167,Linen Summer Shirt,Premium quality shirt suitable for office and casual wear.,Shirts,Zara,90.24,43,4.5,402,https://images.unsplash.com/photo-1562157873-818bc0726f68,2026-03-01 02:47:00
168,Slim Fit Shirt,Premium quality shirt suitable for office and casual wear.,Shirts,Levis,107.22,146,4.6,384,https://images.unsplash.com/photo-1602810318383-e386cc2a3ccf,2026-03-01 02:48:00
169,Running Shoes,Lightweight and comfortable shoes for daily use.,Shoes,Puma,65.75,89,4.3,165,https://images.unsplash.com/photo-1519741497674-611481863552,2026-03-01 02:49:00
170,Cotton Blend Hoodie,Warm and stylish hoodie perfect for winter.,Hoodies,Zara,101.84,19,4.0,95,https://images.unsplash.com/photo-1556821840-3a63f95609a7,2026-03-01 02:50:00
171,Slim Fit Shirt,Premium quality shirt suitable for office and casual wear.,Shirts,Puma,86.07,43,4.7,378,https://images.unsplash.com/photo-1593032465171-8f0e9b2a5d4d,2026-03-01 02:51:00
172,Winter Hoodie,Warm and stylish hoodie perfect for winter.,Hoodies,Nike,93.24,131,3.9,107,https://images.unsplash.com/photo-1556821840-3a63f95609a7,2026-03-01 02:52:00
173,Cotton Crew T-Shirt,Comfortable cotton t-shirt for everyday wear.,Tshirts,Adidas,114.11,159,3.9,205,https://images.unsplash.com/photo-1523381210434-271e8be1f52b,2026-03-01 02:53:00
174,Zip Hoodie,Warm and stylish hoodie perfect for winter.,Hoodies,Puma,60.8,197,4.3,99,https://images.unsplash.com/photo-1556821840-3a63f95609a7,2026-03-01 02:54:00
175,Cotton Crew T-Shirt,Comfortable cotton t-shirt for everyday wear.,Tshirts,Adidas,69.54,89,3.8,162,https://images.unsplash.com/photo-1521572163474-6864f9cf17ab,2026-03-01 02:55:00
176,Casual Chinos,Stylish and durable pants designed for comfort.,Pants,Zara,85.84,135,3.8,326,https://images.unsplash.com/photo-1584370848010-d7fe6bc767ec,2026-03-01 02:56:00
177,Street Style Hoodie,Warm and stylish hoodie perfect for winter.,Hoodies,Adidas,74.54,100,4.7,213,https://images.unsplash.com/photo-1556821840-3a63f95609a7,2026-03-01 02:57:00
178,Casual Cotton Shirt,Premium quality shirt suitable for office and casual wear.,Shirts,Levis,54.62,185,4.4,453,https://images.unsplash.com/photo-1593032465171-8f0e9b2a5d4d,2026-03-01 02:58:00
179,Pullover Hoodie,Warm and stylish hoodie perfect for winter.,Hoodies,Levis,72.33,14,4.9,314,https://images.unsplash.com/photo-1556821840-3a63f95609a7,2026-03-01 02:59:00
180,Comfort Walking Shoes,Lightweight and comfortable shoes for daily use.,Shoes,Levis,31.56,197,3.8,399,https://images.unsplash.com/photo-1519741497674-611481863552,2026-03-01 03:00:00
181,Comfort Walking Shoes,Lightweight and comfortable shoes for daily use.,Shoes,Puma,22.67,183,4.3,115,https://images.unsplash.com/photo-1525966222134-fcfa99b8ae77,2026-03-01 03:01:00
182,Streetwear T-Shirt,Comfortable cotton t-shirt for everyday wear.,Tshirts,Puma,88.92,143,3.7,73,https://images.unsplash.com/photo-1523381210434-271e8be1f52b,2026-03-01 03:02:00
183,Gold Chain Necklace,Elegant necklace designed for style and fashion.,Necklaces,Zara,59.79,179,4.1,272,https://images.unsplash.com/photo-1608043152269-423dbba4e7e1,2026-03-01 03:03:00
184,Training Shoes,Lightweight and comfortable shoes for daily use.,Shoes,Nike,82.2,21,4.5,303,https://images.unsplash.com/photo-1542291026-7eec264c27ff,2026-03-01 03:04:00
185,Elegant Chain,Elegant necklace designed for style and fashion.,Necklaces,Zara,81.08,18,4.7,196,https://images.unsplash.com/photo-1611085583191-a3b181a88401,2026-03-01 03:05:00
186,Streetwear T-Shirt,Comfortable cotton t-shirt for everyday wear.,Tshirts,Adidas,24.0,84,4.3,452,https://images.unsplash.com/photo-1503341455253-b2e723bb3dbb,2026-03-01 03:06:00
187,Zip Hoodie,Warm and stylish hoodie perfect for winter.,Hoodies,Puma,86.74,138,3.8,164,https://images.unsplash.com/photo-1578768079052-aa76e52ff62e,2026-03-01 03:07:00
188,Pullover Hoodie,Warm and stylish hoodie perfect for winter.,Hoodies,Levis,50.24,170,4.8,118,https://images.unsplash.com/photo-1556821840-3a63f95609a7,2026-03-01 03:08:00
189,Minimal Pendant Necklace,Elegant necklace designed for style and fashion.,Necklaces,Adidas,68.94,133,3.9,332,https://images.unsplash.com/photo-1611085583191-a3b181a88401,2026-03-01 03:09:00
190,Slim Fit T-Shirt,Comfortable cotton t-shirt for everyday wear.,Tshirts,H&M,77.83,68,3.9,485,https://images.unsplash.com/photo-1523381210434-271e8be1f52b,2026-03-01 03:10:00
191,Graphic T-Shirt,Comfortable cotton t-shirt for everyday wear.,Tshirts,Puma,96.93,132,3.7,402,https://images.unsplash.com/photo-1523381210434-271e8be1f52b,2026-03-01 03:11:00
192,Casual Sneakers,Lightweight and comfortable shoes for daily use.,Shoes,Levis,90.82,73,4.1,349,https://images.unsplash.com/photo-1542291026-7eec264c27ff,2026-03-01 03:12:00
193,Slim Fit T-Shirt,Comfortable cotton t-shirt for everyday wear.,Tshirts,Zara,77.58,104,4.4,445,https://images.unsplash.com/photo-1503341455253-b2e723bb3dbb,2026-03-01 03:13:00
194,Linen Summer Shirt,Premium quality shirt suitable for office and casual wear.,Shirts,Puma,65.46,14,4.4,72,https://images.unsplash.com/photo-1602810318383-e386cc2a3ccf,2026-03-01 03:14:00
195,Cotton Blend Hoodie,Warm and stylish hoodie perfect for winter.,Hoodies,H&M,28.48,190,4.4,287,https://images.unsplash.com/photo-1556821840-3a63f95609a7,2026-03-01 03:15:00
196,Sport Sneakers,Lightweight and comfortable shoes for daily use.,Shoes,Puma,26.59,119,4.1,24,https://images.unsplash.com/photo-1542291026-7eec264c27ff,2026-03-01 03:16:00
197,Casual Cotton Shirt,Premium quality shirt suitable for office and casual wear.,Shirts,Levis,77.03,134,3.6,358,https://images.unsplash.com/photo-1593032465171-8f0e9b2a5d4d,2026-03-01 03:17:00
198,Training Shoes,Lightweight and comfortable shoes for daily use.,Shoes,Zara,91.79,193,4.1,117,https://images.unsplash.com/photo-1519741497674-611481863552,2026-03-01 03:18:00
199,Linen Summer Shirt,Premium quality shirt suitable for office and casual wear.,Shirts,Adidas,29.2,130,3.9,381,https://images.unsplash.com/photo-1602810318383-e386cc2a3ccf,2026-03-01 03:19:00
200,Classic Blue Jeans,Stylish and durable pants designed for comfort.,Pants,Zara,101.18,199,4.2,289,https://images.unsplash.com/photo-1584370848010-d7fe6bc767ec,2026-03-01 03:20:00
201,Casual Cotton Shirt,Premium quality shirt suitable for office and casual wear.,Shirts,Puma,102.84,11,4.8,365,https://images.unsplash.com/photo-1562157873-818bc0726f68,2026-03-01 03:21:00
202,Classic Blue Jeans,Stylish and durable pants designed for comfort.,Pants,Levis,48.62,194,4.4,129,https://images.unsplash.com/photo-1542272604-787c3835535d,2026-03-01 03:22:00
203,Winter Hoodie,Warm and stylish hoodie perfect for winter.,Hoodies,Nike,107.2,38,4.1,322,https://images.unsplash.com/photo-1556821840-3a63f95609a7,2026-03-01 03:23:00
204,Training Shoes,Lightweight and comfortable shoes for daily use.,Shoes,Zara,104.26,49,3.9,341,https://images.unsplash.com/photo-1525966222134-fcfa99b8ae77,2026-03-01 03:24:00
205,Graphic T-Shirt,Comfortable cotton t-shirt for everyday wear.,Tshirts,Nike,22.16,146,3.9,461,https://images.unsplash.com/photo-1521572163474-6864f9cf17ab,2026-03-01 03:25:00
206,Winter Hoodie,Warm and stylish hoodie perfect for winter.,Hoodies,Puma,64.44,88,3.9,77,https://images.unsplash.com/photo-1556821840-3a63f95609a7,2026-03-01 03:26:00
207,Zip Hoodie,Warm and stylish hoodie perfect for winter.,Hoodies,Puma,99.75,99,3.5,169,https://images.unsplash.com/photo-1556821840-3a63f95609a7,2026-03-01 03:27:00
208,Classic Blue Jeans,Stylish and durable pants designed for comfort.,Pants,Zara,69.58,78,4.4,338,https://images.unsplash.com/photo-1584370848010-d7fe6bc767ec,2026-03-01 03:28:00
209,Pullover Hoodie,Warm and stylish hoodie perfect for winter.,Hoodies,Nike,94.94,15,4.2,134,https://images.unsplash.com/photo-1556821840-3a63f95609a7,2026-03-01 03:29:00
210,Slim Fit T-Shirt,Comfortable cotton t-shirt for everyday wear.,Tshirts,H&M,34.16,53,4.0,107,https://images.unsplash.com/photo-1521572163474-6864f9cf17ab,2026-03-01 03:30:00
211,Graphic T-Shirt,Comfortable cotton t-shirt for everyday wear.,Tshirts,H&M,44.95,90,4.6,300,https://images.unsplash.com/photo-1503341455253-b2e723bb3dbb,2026-03-01 03:31:00
212,Casual Cotton Shirt,Premium quality shirt suitable for office and casual wear.,Shirts,H&M,58.48,103,4.2,50,https://images.unsplash.com/photo-1562157873-818bc0726f68,2026-03-01 03:32:00
213,Classic Blue Jeans,Stylish and durable pants designed for comfort.,Pants,Levis,66.68,104,4.2,113,https://images.unsplash.com/photo-1584370848010-d7fe6bc767ec,2026-03-01 03:33:00
214,Gold Chain Necklace,Elegant necklace designed for style and fashion.,Necklaces,Nike,30.56,90,4.9,260,https://images.unsplash.com/photo-1611085583191-a3b181a88401,2026-03-01 03:34:00
215,Formal Shirt,Premium quality shirt suitable for office and casual wear.,Shirts,Zara,33.65,79,4.3,398,https://images.unsplash.com/photo-1593032465171-8f0e9b2a5d4d,2026-03-01 03:35:00
216,Running Shoes,Lightweight and comfortable shoes for daily use.,Shoes,Nike,76.21,167,3.8,450,https://images.unsplash.com/photo-1542291026-7eec264c27ff,2026-03-01 03:36:00
217,Winter Hoodie,Warm and stylish hoodie perfect for winter.,Hoodies,Nike,66.89,173,4.4,346,https://images.unsplash.com/photo-1578768079052-aa76e52ff62e,2026-03-01 03:37:00
218,Zip Hoodie,Warm and stylish hoodie perfect for winter.,Hoodies,Zara,103.32,193,4.8,26,https://images.unsplash.com/photo-1578768079052-aa76e52ff62e,2026-03-01 03:38:00
219,Slim Fit T-Shirt,Comfortable cotton t-shirt for everyday wear.,Tshirts,Nike,104.62,102,3.5,206,https://images.unsplash.com/photo-1521572163474-6864f9cf17ab,2026-03-01 03:39:00
220,Winter Hoodie,Warm and stylish hoodie perfect for winter.,Hoodies,H&M,95.56,53,3.6,260,https://images.unsplash.com/photo-1556821840-3a63f95609a7,2026-03-01 03:40:00
221,Denim Jeans,Stylish and durable pants designed for comfort.,Pants,Zara,77.36,115,4.7,377,https://images.unsplash.com/photo-1584370848010-d7fe6bc767ec,2026-03-01 03:41:00
222,Casual Cotton Shirt,Premium quality shirt suitable for office and casual wear.,Shirts,Levis,90.6,112,4.2,239,https://images.unsplash.com/photo-1562157873-818bc0726f68,2026-03-01 03:42:00
223,Luxury Necklace,Elegant necklace designed for style and fashion.,Necklaces,Zara,108.04,20,4.7,325,https://images.unsplash.com/photo-1611085583191-a3b181a88401,2026-03-01 03:43:00
224,Stretch Denim Pants,Stylish and durable pants designed for comfort.,Pants,Levis,33.33,92,4.3,425,https://images.unsplash.com/photo-1542272604-787c3835535d,2026-03-01 03:44:00
225,Training Shoes,Lightweight and comfortable shoes for daily use.,Shoes,Adidas,80.51,115,4.3,298,https://images.unsplash.com/photo-1525966222134-fcfa99b8ae77,2026-03-01 03:45:00
226,Street Style Hoodie,Warm and stylish hoodie perfect for winter.,Hoodies,Puma,95.95,27,3.7,216,https://images.unsplash.com/photo-1556821840-3a63f95609a7,2026-03-01 03:46:00
227,Silver Necklace,Elegant necklace designed for style and fashion.,Necklaces,Adidas,112.78,155,3.8,190,https://images.unsplash.com/photo-1611085583191-a3b181a88401,2026-03-01 03:47:00
228,Streetwear T-Shirt,Comfortable cotton t-shirt for everyday wear.,Tshirts,Adidas,92.92,13,4.9,299,https://images.unsplash.com/photo-1523381210434-271e8be1f52b,2026-03-01 03:48:00
229,Cotton Blend Hoodie,Warm and stylish hoodie perfect for winter.,Hoodies,Puma,52.09,173,3.7,287,https://images.unsplash.com/photo-1578768079052-aa76e52ff62e,2026-03-01 03:49:00
230,Cotton Blend Hoodie,Warm and stylish hoodie perfect for winter.,Hoodies,H&M,99.03,29,4.6,176,https://images.unsplash.com/photo-1556821840-3a63f95609a7,2026-03-01 03:50:00
231,Linen Summer Shirt,Premium quality shirt suitable for office and casual wear.,Shirts,Nike,116.11,181,4.6,109,https://images.unsplash.com/photo-1562157873-818bc0726f68,2026-03-01 03:51:00
232,Slim Fit T-Shirt,Comfortable cotton t-shirt for everyday wear.,Tshirts,Levis,20.26,23,3.7,397,https://images.unsplash.com/photo-1521572163474-6864f9cf17ab,2026-03-01 03:52:00
233,Linen Summer Shirt,Premium quality shirt suitable for office and casual wear.,Shirts,Levis,99.28,156,3.6,74,https://images.unsplash.com/photo-1593032465171-8f0e9b2a5d4d,2026-03-01 03:53:00
234,Denim Jeans,Stylish and durable pants designed for comfort.,Pants,Zara,104.17,90,3.9,345,https://images.unsplash.com/photo-1584370848010-d7fe6bc767ec,2026-03-01 03:54:00
235,Sport Sneakers,Lightweight and comfortable shoes for daily use.,Shoes,Levis,40.29,25,3.6,198,https://images.unsplash.com/photo-1542291026-7eec264c27ff,2026-03-01 03:55:00
236,Classic White Tee,Comfortable cotton t-shirt for everyday wear.,Tshirts,Nike,95.61,167,3.6,309,https://images.unsplash.com/photo-1521572163474-6864f9cf17ab,2026-03-01 03:56:00
237,Running Shoes,Lightweight and comfortable shoes for daily use.,Shoes,Nike,117.69,17,3.8,354,https://images.unsplash.com/photo-1542291026-7eec264c27ff,2026-03-01 03:57:00
238,Casual Chinos,Stylish and durable pants designed for comfort.,Pants,H&M,80.15,14,3.7,409,https://images.unsplash.com/photo-1584370848010-d7fe6bc767ec,2026-03-01 03:58:00
239,Running Shoes,Lightweight and comfortable shoes for daily use.,Shoes,Puma,95.59,52,4.5,433,https://images.unsplash.com/photo-1542291026-7eec264c27ff,2026-03-01 03:59:00
240,Slim Fit Jeans,Stylish and durable pants designed for comfort.,Pants,Levis,36.31,53,4.7,120,https://images.unsplash.com/photo-1542272604-787c3835535d,2026-03-01 04:00:00
241,Winter Hoodie,Warm and stylish hoodie perfect for winter.,Hoodies,H&M,114.29,151,4.1,368,https://images.unsplash.com/photo-1578768079052-aa76e52ff62e,2026-03-01 04:01:00
242,Training Shoes,Lightweight and comfortable shoes for daily use.,Shoes,H&M,79.62,106,4.1,46,https://images.unsplash.com/photo-1519741497674-611481863552,2026-03-01 04:02:00
243,Silver Necklace,Elegant necklace designed for style and fashion.,Necklaces,Nike,36.47,106,4.5,406,https://images.unsplash.com/photo-1608043152269-423dbba4e7e1,2026-03-01 04:03:00
244,Casual Sneakers,Lightweight and comfortable shoes for daily use.,Shoes,Adidas,90.14,125,4.3,337,https://images.unsplash.com/photo-1542291026-7eec264c27ff,2026-03-01 04:04:00
245,Comfort Walking Shoes,Lightweight and comfortable shoes for daily use.,Shoes,Adidas,34.6,160,4.0,420,https://images.unsplash.com/photo-1525966222134-fcfa99b8ae77,2026-03-01 04:05:00
246,Classic Blue Jeans,Stylish and durable pants designed for comfort.,Pants,Adidas,41.18,30,4.7,156,https://images.unsplash.com/photo-1584370848010-d7fe6bc767ec,2026-03-01 04:06:00
247,Denim Jeans,Stylish and durable pants designed for comfort.,Pants,Nike,75.67,168,4.6,242,https://images.unsplash.com/photo-1584370848010-d7fe6bc767ec,2026-03-01 04:07:00
248,Classic Office Shirt,Premium quality shirt suitable for office and casual wear.,Shirts,Adidas,73.17,64,4.0,178,https://images.unsplash.com/photo-1562157873-818bc0726f68,2026-03-01 04:08:00
249,Streetwear T-Shirt,Comfortable cotton t-shirt for everyday wear.,Tshirts,Puma,95.89,124,4.4,175,https://images.unsplash.com/photo-1503341455253-b2e723bb3dbb,2026-03-01 04:09:00
250,Classic Office Shirt,Premium quality shirt suitable for office and casual wear.,Shirts,H&M,60.18,66,4.6,345,https://images.unsplash.com/photo-1602810318383-e386cc2a3ccf,2026-03-01 04:10:00
251,Cotton Crew T-Shirt,Comfortable cotton t-shirt for everyday wear.,Tshirts,Levis,50.29,76,4.0,264,https://images.unsplash.com/photo-1503341455253-b2e723bb3dbb,2026-03-01 04:11:00
252,Casual Cotton Shirt,Premium quality shirt suitable for office and casual wear.,Shirts,Nike,90.65,61,3.6,64,https://images.unsplash.com/photo-1602810318383-e386cc2a3ccf,2026-03-01 04:12:00
253,Formal Shirt,Premium quality shirt suitable for office and casual wear.,Shirts,Puma,117.47,52,4.0,349,https://images.unsplash.com/photo-1602810318383-e386cc2a3ccf,2026-03-01 04:13:00
254,Streetwear T-Shirt,Comfortable cotton t-shirt for everyday wear.,Tshirts,H&M,114.89,101,3.9,453,https://images.unsplash.com/photo-1521572163474-6864f9cf17ab,2026-03-01 04:14:00
255,Cotton Blend Hoodie,Warm and stylish hoodie perfect for winter.,Hoodies,Puma,105.67,92,4.9,172,https://images.unsplash.com/photo-1578768079052-aa76e52ff62e,2026-03-01 04:15:00
256,Elegant Chain,Elegant necklace designed for style and fashion.,Necklaces,H&M,27.45,38,4.6,500,https://images.unsplash.com/photo-1611085583191-a3b181a88401,2026-03-01 04:16:00
257,Casual Sneakers,Lightweight and comfortable shoes for daily use.,Shoes,Puma,106.77,102,3.9,405,https://images.unsplash.com/photo-1519741497674-611481863552,2026-03-01 04:17:00
258,Elegant Chain,Elegant necklace designed for style and fashion.,Necklaces,Zara,101.33,175,4.7,26,https://images.unsplash.com/photo-1611085583191-a3b181a88401,2026-03-01 04:18:00
259,Casual Cotton Shirt,Premium quality shirt suitable for office and casual wear.,Shirts,H&M,117.6,16,4.2,71,https://images.unsplash.com/photo-1593032465171-8f0e9b2a5d4d,2026-03-01 04:19:00
260,Pullover Hoodie,Warm and stylish hoodie perfect for winter.,Hoodies,Zara,95.36,190,3.5,452,https://images.unsplash.com/photo-1556821840-3a63f95609a7,2026-03-01 04:20:00
261,Slim Fit Jeans,Stylish and durable pants designed for comfort.,Pants,Levis,94.04,136,3.7,117,https://images.unsplash.com/photo-1514996937319-344454492b37,2026-03-01 04:21:00
262,Elegant Chain,Elegant necklace designed for style and fashion.,Necklaces,Nike,72.58,165,4.4,311,https://images.unsplash.com/photo-1611085583191-a3b181a88401,2026-03-01 04:22:00
263,Linen Summer Shirt,Premium quality shirt suitable for office and casual wear.,Shirts,Nike,48.31,154,4.5,113,https://images.unsplash.com/photo-1602810318383-e386cc2a3ccf,2026-03-01 04:23:00
264,Silver Necklace,Elegant necklace designed for style and fashion.,Necklaces,Nike,61.08,170,4.5,318,https://images.unsplash.com/photo-1611085583191-a3b181a88401,2026-03-01 04:24:00
265,Cotton Blend Hoodie,Warm and stylish hoodie perfect for winter.,Hoodies,Puma,113.54,167,5.0,480,https://images.unsplash.com/photo-1578768079052-aa76e52ff62e,2026-03-01 04:25:00
266,Cotton Blend Hoodie,Warm and stylish hoodie perfect for winter.,Hoodies,Levis,110.4,15,4.7,329,https://images.unsplash.com/photo-1556821840-3a63f95609a7,2026-03-01 04:26:00
267,Classic White Tee,Comfortable cotton t-shirt for everyday wear.,Tshirts,Puma,50.89,79,4.7,206,https://images.unsplash.com/photo-1503341455253-b2e723bb3dbb,2026-03-01 04:27:00
268,Stretch Denim Pants,Stylish and durable pants designed for comfort.,Pants,Zara,71.38,105,4.4,360,https://images.unsplash.com/photo-1584370848010-d7fe6bc767ec,2026-03-01 04:28:00
269,Formal Shirt,Premium quality shirt suitable for office and casual wear.,Shirts,H&M,90.2,112,4.5,18,https://images.unsplash.com/photo-1602810318383-e386cc2a3ccf,2026-03-01 04:29:00
270,Classic Office Shirt,Premium quality shirt suitable for office and casual wear.,Shirts,Nike,119.28,195,3.6,240,https://images.unsplash.com/photo-1562157873-818bc0726f68,2026-03-01 04:30:00
271,Formal Shirt,Premium quality shirt suitable for office and casual wear.,Shirts,Adidas,79.14,25,4.6,414,https://images.unsplash.com/photo-1593032465171-8f0e9b2a5d4d,2026-03-01 04:31:00
272,Gold Chain Necklace,Elegant necklace designed for style and fashion.,Necklaces,Adidas,86.71,169,4.2,244,https://images.unsplash.com/photo-1611085583191-a3b181a88401,2026-03-01 04:32:00
273,Slim Fit T-Shirt,Comfortable cotton t-shirt for everyday wear.,Tshirts,Adidas,99.79,94,3.5,21,https://images.unsplash.com/photo-1523381210434-271e8be1f52b,2026-03-01 04:33:00
274,Running Shoes,Lightweight and comfortable shoes for daily use.,Shoes,Levis,27.38,89,4.6,300,https://images.unsplash.com/photo-1542291026-7eec264c27ff,2026-03-01 04:34:00
275,Luxury Necklace,Elegant necklace designed for style and fashion.,Necklaces,Puma,63.15,87,4.2,232,https://images.unsplash.com/photo-1611085583191-a3b181a88401,2026-03-01 04:35:00
276,Streetwear T-Shirt,Comfortable cotton t-shirt for everyday wear.,Tshirts,Puma,93.15,163,3.7,140,https://images.unsplash.com/photo-1521572163474-6864f9cf17ab,2026-03-01 04:36:00
277,Stretch Denim Pants,Stylish and durable pants designed for comfort.,Pants,H&M,45.32,123,3.8,430,https://images.unsplash.com/photo-1514996937319-344454492b37,2026-03-01 04:37:00
278,Winter Hoodie,Warm and stylish hoodie perfect for winter.,Hoodies,Zara,110.32,144,4.1,288,https://images.unsplash.com/photo-1578768079052-aa76e52ff62e,2026-03-01 04:38:00
279,Linen Summer Shirt,Premium quality shirt suitable for office and casual wear.,Shirts,Levis,39.1,186,4.1,105,https://images.unsplash.com/photo-1562157873-818bc0726f68,2026-03-01 04:39:00
280,Casual Sneakers,Lightweight and comfortable shoes for daily use.,Shoes,H&M,79.32,174,3.7,113,https://images.unsplash.com/photo-1519741497674-611481863552,2026-03-01 04:40:00
281,Classic White Tee,Comfortable cotton t-shirt for everyday wear.,Tshirts,Puma,55.84,57,4.2,218,https://images.unsplash.com/photo-1503341455253-b2e723bb3dbb,2026-03-01 04:41:00
282,Minimal Pendant Necklace,Elegant necklace designed for style and fashion.,Necklaces,Levis,89.32,44,4.0,98,https://images.unsplash.com/photo-1608043152269-423dbba4e7e1,2026-03-01 04:42:00
283,Slim Fit T-Shirt,Comfortable cotton t-shirt for everyday wear.,Tshirts,Zara,54.02,58,4.6,427,https://images.unsplash.com/photo-1521572163474-6864f9cf17ab,2026-03-01 04:43:00
284,Slim Fit T-Shirt,Comfortable cotton t-shirt for everyday wear.,Tshirts,Levis,99.69,152,3.6,288,https://images.unsplash.com/photo-1503341455253-b2e723bb3dbb,2026-03-01 04:44:00
285,Slim Fit T-Shirt,Comfortable cotton t-shirt for everyday wear.,Tshirts,H&M,59.98,127,4.2,88,https://images.unsplash.com/photo-1503341455253-b2e723bb3dbb,2026-03-01 04:45:00
286,Running Shoes,Lightweight and comfortable shoes for daily use.,Shoes,Puma,39.47,55,3.9,291,https://images.unsplash.com/photo-1519741497674-611481863552,2026-03-01 04:46:00
287,Gold Chain Necklace,Elegant necklace designed for style and fashion.,Necklaces,H&M,47.96,192,4.6,336,https://images.unsplash.com/photo-1608043152269-423dbba4e7e1,2026-03-01 04:47:00
288,Slim Fit Jeans,Stylish and durable pants designed for comfort.,Pants,Nike,32.93,84,4.5,210,https://images.unsplash.com/photo-1584370848010-d7fe6bc767ec,2026-03-01 04:48:00
289,Stretch Denim Pants,Stylish and durable pants designed for comfort.,Pants,Levis,26.77,153,3.9,167,https://images.unsplash.com/photo-1542272604-787c3835535d,2026-03-01 04:49:00
290,Silver Necklace,Elegant necklace designed for style and fashion.,Necklaces,H&M,64.4,37,4.8,494,https://images.unsplash.com/photo-1611085583191-a3b181a88401,2026-03-01 04:50:00
291,Stretch Denim Pants,Stylish and durable pants designed for comfort.,Pants,Adidas,35.12,190,4.0,112,https://images.unsplash.com/photo-1542272604-787c3835535d,2026-03-01 04:51:00
292,Minimal Pendant Necklace,Elegant necklace designed for style and fashion.,Necklaces,Zara,63.79,44,4.2,108,https://images.unsplash.com/photo-1608043152269-423dbba4e7e1,2026-03-01 04:52:00
293,Stretch Denim Pants,Stylish and durable pants designed for comfort.,Pants,Puma,61.86,36,3.7,466,https://images.unsplash.com/photo-1514996937319-344454492b37,2026-03-01 04:53:00
294,Luxury Necklace,Elegant necklace designed for style and fashion.,Necklaces,Puma,50.22,156,3.6,163,https://images.unsplash.com/photo-1611085583191-a3b181a88401,2026-03-01 04:54:00
295,Classic White Tee,Comfortable cotton t-shirt for everyday wear.,Tshirts,H&M,82.21,92,4.6,343,https://images.unsplash.com/photo-1521572163474-6864f9cf17ab,2026-03-01 04:55:00
296,Casual Cotton Shirt,Premium quality shirt suitable for office and casual wear.,Shirts,Puma,100.1,54,5.0,22,https://images.unsplash.com/photo-1562157873-818bc0726f68,2026-03-01 04:56:00
297,Slim Fit Shirt,Premium quality shirt suitable for office and casual wear.,Shirts,Zara,59.62,193,4.1,38,https://images.unsplash.com/photo-1602810318383-e386cc2a3ccf,2026-03-01 04:57:00
298,Slim Fit T-Shirt,Comfortable cotton t-shirt for everyday wear.,Tshirts,Levis,97.58,159,4.1,91,https://images.unsplash.com/photo-1503341455253-b2e723bb3dbb,2026-03-01 04:58:00
299,Running Shoes,Lightweight and comfortable shoes for daily use.,Shoes,H&M,28.26,71,3.9,375,https://images.unsplash.com/photo-1542291026-7eec264c27ff,2026-03-01 04:59:00
300,Cotton Blend Hoodie,Warm and stylish hoodie perfect for winter.,Hoodies,H&M,66.92,92,4.4,381,https://images.unsplash.com/photo-1578768079052-aa76e52ff62e,2026-03-01 05:00:00
